{
	"id": "a9908f4f0d14b7b3a0d43854b293603e",
	"_format": "hh-sol-build-info-1",
	"solcVersion": "0.8.14",
	"solcLongVersion": "0.8.14+commit.80d49f37",
	"input": {
		"language": "Solidity",
		"sources": {
			"contracts/ExampleUint.sol": {
				"content": "//SPDX-License-Identifier: MIT\r\n\r\npragma solidity 0.8.14;"
			}
		},
		"settings": {
			"optimizer": {
				"enabled": false,
				"runs": 200
			},
			"outputSelection": {
				"*": {
					"": [
						"ast"
					],
					"*": [
						"abi",
						"metadata",
						"devdoc",
						"userdoc",
						"storageLayout",
						"evm.legacyAssembly",
						"evm.bytecode",
						"evm.deployedBytecode",
						"evm.methodIdentifiers",
						"evm.gasEstimates",
						"evm.assembly"
					]
				}
			}
		}
	},
	"output": {
		"sources": {
			"contracts/ExampleUint.sol": {
				"ast": {
					"absolutePath": "contracts/ExampleUint.sol",
					"exportedSymbols": {},
					"id": 2,
					"license": "MIT",
					"nodeType": "SourceUnit",
					"nodes": [
						{
							"id": 1,
							"literals": [
								"solidity",
								"0.8",
								".14"
							],
							"nodeType": "PragmaDirective",
							"src": "34:23:0"
						}
					],
					"src": "34:23:0"
				},
				"id": 0
			}
		}
	}
}