{
	"id": "d56048890db4e68db0ccf241ac22493b",
	"_format": "hh-sol-build-info-1",
	"solcVersion": "0.8.15",
	"solcLongVersion": "0.8.15+commit.e14f2714",
	"input": {
		"language": "Solidity",
		"sources": {
			"contracts/BlockchainMessenger.sol": {
				"content": "//SPDX-License-Identifier: MIT\r\n\r\npragma solidity 0.8.15;"
			}
		},
		"settings": {
			"optimizer": {
				"enabled": false,
				"runs": 200
			},
			"outputSelection": {
				"*": {
					"": [
						"ast"
					],
					"*": [
						"abi",
						"metadata",
						"devdoc",
						"userdoc",
						"storageLayout",
						"evm.legacyAssembly",
						"evm.bytecode",
						"evm.deployedBytecode",
						"evm.methodIdentifiers",
						"evm.gasEstimates",
						"evm.assembly"
					]
				}
			}
		}
	},
	"output": {
		"sources": {
			"contracts/BlockchainMessenger.sol": {
				"ast": {
					"absolutePath": "contracts/BlockchainMessenger.sol",
					"exportedSymbols": {},
					"id": 2,
					"license": "MIT",
					"nodeType": "SourceUnit",
					"nodes": [
						{
							"id": 1,
							"literals": [
								"solidity",
								"0.8",
								".15"
							],
							"nodeType": "PragmaDirective",
							"src": "34:23:0"
						}
					],
					"src": "34:23:0"
				},
				"id": 0
			}
		}
	}
}